{
  "cell_size": 128,
  "cols": 6,
  "rows": 5,
  "entries": [
    {
      "acronym": "BOS",
      "name": "Boston Celtics",
      "col": 0,
      "row": 0,
      "x": 0,
      "y": 0,
      "w": 128,
      "h": 128
    },
    {
      "acronym": "BKN",
      "name": "Brooklyn Nets",
      "col": 1,
      "row": 0,
      "x": 128,
      "y": 0,
      "w": 128,
      "h": 128
    },
    {
      "acronym": "NYK",
      "name": "New York Knicks",
      "col": 2,
      "row": 0,
      "x": 256,
      "y": 0,
      "w": 128,
      "h": 128
    },
    {
      "acronym": "PHI",
      "name": "Philadelphia 76ers",
      "col": 3,
      "row": 0,
      "x": 384,
      "y": 0,
      "w": 128,
      "h": 128
    },
    {
      "acronym": "TOR",
      "name": "Toronto Raptors",
      "col": 4,
      "row": 0,
      "x": 512,
      "y": 0,
      "w": 128,
      "h": 128
    },
    {
      "acronym": "CHI",
      "name": "Chicago Bulls",
      "col": 5,
      "row": 0,
      "x": 640,
      "y": 0,
      "w": 128,
      "h": 128
    },
    {
      "acronym": "CLE",
      "name": "Cleveland Cavaliers",
      "col": 0,
      "row": 1,
      "x": 0,
      "y": 128,
      "w": 128,
      "h": 128
    },
    {
      "acronym": "DET",
      "name": "Detroit Pistons",
      "col": 1,
      "row": 1,
      "x": 128,
      "y": 128,
      "w": 128,
      "h": 128
    },
    {
      "acronym": "IND",
      "name": "Indiana Pacers",
      "col": 2,
      "row": 1,
      "x": 256,
      "y": 128,
      "w": 128,
      "h": 128
    },
    {
      "acronym": "MIL",
      "name": "Milwaukee Bucks",
      "col": 3,
      "row": 1,
      "x": 384,
      "y": 128,
      "w": 128,
      "h": 128
    },
    {
      "acronym": "ATL",
      "name": "Atlanta Hawks",
      "col": 4,
      "row": 1,
      "x": 512,
      "y": 128,
      "w": 128,
      "h": 128
    },
    {
      "acronym": "CHA",
      "name": "Charlotte Hornets",
      "col": 5,
      "row": 1,
      "x": 640,
      "y": 128,
      "w": 128,
      "h": 128
    },
    {
      "acronym": "MIA",
      "name": "Miami Heat",
      "col": 0,
      "row": 2,
      "x": 0,
      "y": 256,
      "w": 128,
      "h": 128
    },
    {
      "acronym": "ORL",
      "name": "Orlando Magic",
      "col": 1,
      "row": 2,
      "x": 128,
      "y": 256,
      "w": 128,
      "h": 128
    },
    {
      "acronym": "WAS",
      "name": "Washington Wizards",
      "col": 2,
      "row": 2,
      "x": 256,
      "y": 256,
      "w": 128,
      "h": 128
    },
    {
      "acronym": "DEN",
      "name": "Denver Nuggets",
      "col": 3,
      "row": 2,
      "x": 384,
      "y": 256,
      "w": 128,
      "h": 128
    },
    {
      "acronym": "MIN",
      "name": "Minnesota Timberwolves",
      "col": 4,
      "row": 2,
      "x": 512,
      "y": 256,
      "w": 128,
      "h": 128
    },
    {
      "acronym": "OKC",
      "name": "Oklahoma City Thunder",
      "col": 5,
      "row": 2,
      "x": 640,
      "y": 256,
      "w": 128,
      "h": 128
    },
    {
      "acronym": "POR",
      "name": "Portland Trail Blazers",
      "col": 0,
      "row": 3,
      "x": 0,
      "y": 384,
      "w": 128,
      "h": 128
    },
    {
      "acronym": "UTA",
      "name": "Utah Jazz",
      "col": 1,
      "row": 3,
      "x": 128,
      "y": 384,
      "w": 128,
      "h": 128
    },
    {
      "acronym": "GSW",
      "name": "Golden State Warriors",
      "col": 2,
      "row": 3,
      "x": 256,
      "y": 384,
      "w": 128,
      "h": 128
    },
    {
      "acronym": "LAC",
      "name": "LA Clippers",
      "col": 3,
      "row": 3,
      "x": 384,
      "y": 384,
      "w": 128,
      "h": 128
    },
    {
      "acronym": "LAL",
      "name": "Los Angeles Lakers",
      "col": 4,
      "row": 3,
      "x": 512,
      "y": 384,
      "w": 128,
      "h": 128
    },
    {
      "acronym": "PHX",
      "name": "Phoenix Suns",
      "col": 5,
      "row": 3,
      "x": 640,
      "y": 384,
      "w": 128,
      "h": 128
    },
    {
      "acronym": "SAC",
      "name": "Sacramento Kings",
      "col": 0,
      "row": 4,
      "x": 0,
      "y": 512,
      "w": 128,
      "h": 128
    },
    {
      "acronym": "DAL",
      "name": "Dallas Mavericks",
      "col": 1,
      "row": 4,
      "x": 128,
      "y": 512,
      "w": 128,
      "h": 128
    },
    {
      "acronym": "HOU",
      "name": "Houston Rockets",
      "col": 2,
      "row": 4,
      "x": 256,
      "y": 512,
      "w": 128,
      "h": 128
    },
    {
      "acronym": "MEM",
      "name": "Memphis Grizzlies",
      "col": 3,
      "row": 4,
      "x": 384,
      "y": 512,
      "w": 128,
      "h": 128
    },
    {
      "acronym": "NOP",
      "name": "New Orleans Pelicans",
      "col": 4,
      "row": 4,
      "x": 512,
      "y": 512,
      "w": 128,
      "h": 128
    },
    {
      "acronym": "SAS",
      "name": "San Antonio Spurs",
      "col": 5,
      "row": 4,
      "x": 640,
      "y": 512,
      "w": 128,
      "h": 128
    }
  ]
}